id,modulus,exponent
2219092.crt,107041280831457418653854175627078835582124820259530157849961035040006840764496341822018449231323159991391259784010907151409734488460143597348260364356604218571860886433519511520635845415293026715884650142349673094350984699449563753498055146351642073952189409931820569388122317339282720910774015067729271152129,65537
2233645.crt,107041280831457418653854175627078835582124820259530157849961035040006840764496341822018449231323159991391259784010907151409734488460143597348260364356604218571860886433519511520635845415293026715884650142349673094350984699449563753498055146351642073952189409931820569388122317339282720910774015067729271152129,65537
2244233.crt,107041280831457418653854175627078835582124820259530157849961035040006840764496341822018449231323159991391259784010907151409734488460143597348260364356604218571860886433519511520635845415293026715884650142349673094350984699449563753498055146351642073952189409931820569388122317339282720910774015067729271152129,65537
2068580.crt,108801651437245993350091591338280493250470478857226341694206225567136544766653510540197591680217822843364811943775728659233400301511211095108151566718461866198015985910085741894401808827145737837349216027294944908916562396815151079133128924905873670940960105205432061192603918145487206525650656904600562104021,65537
2098142.crt,108801651437245993350091591338280493250470478857226341694206225567136544766653510540197591680217822843364811943775728659233400301511211095108151566718461866198015985910085741894401808827145737837349216027294944908916562396815151079133128924905873670940960105205432061192603918145487206525650656904600562104021,65537
2083076.crt,108801651437245993350091591338280493250470478857226341694206225567136544766653510540197591680217822843364811943775728659233400301511211095108151566718461866198015985910085741894401808827145737837349216027294944908916562396815151079133128924905873670940960105205432061192603918145487206525650656904600562104021,65537
2036392.crt,108801651437245993350091591338280493250470478857226341694206225567136544766653510540197591680217822843364811943775728659233400301511211095108151566718461866198015985910085741894401808827145737837349216027294944908916562396815151079133128924905873670940960105205432061192603918145487206525650656904600562104021,65537
200258.crt,112649963208452508139119275764502110542357570549910034071715398782466344921907688896056314472602589834158221385239059467338163959220976545938266385951557880119878232634226234189340224814648210440686002965412784379969826931451917805123762258733600765345389922555981481584795267354588861446800569069268056923323,65537
1190682.crt,112649963208452508139119275764502110542357570549910034071715398782466344921907688896056314472602589834158221385239059467338163959220976545938266385951557880119878232634226234189340224814648210440686002965412784379969826931451917805123762258733600765345389922555981481584795267354588861446800569069268056923323,65537
116754.crt,117478550324969021622391100620397839627311141773467834306580973640991444881809116282110301765410025396804215167115206733433586901581477424125014242251854697670498864257839446194207607082211251938068162322277949409841412420960986801901518510724344302746726876460529877277172135000832459672888986535578908580041,65537
169023.crt,117478550324969021622391100620397839627311141773467834306580973640991444881809116282110301765410025396804215167115206733433586901581477424125014242251854697670498864257839446194207607082211251938068162322277949409841412420960986801901518510724344302746726876460529877277172135000832459672888986535578908580041,65537
137891.crt,117478550324969021622391100620397839627311141773467834306580973640991444881809116282110301765410025396804215167115206733433586901581477424125014242251854697670498864257839446194207607082211251938068162322277949409841412420960986801901518510724344302746726876460529877277172135000832459672888986535578908580041,65537
128493.crt,117478550324969021622391100620397839627311141773467834306580973640991444881809116282110301765410025396804215167115206733433586901581477424125014242251854697670498864257839446194207607082211251938068162322277949409841412420960986801901518510724344302746726876460529877277172135000832459672888986535578908580041,65537
1425587.crt,121608978313930892601336229325273707876898817549317716728890792884781562699397237422349558371561509391549616406760399079742363813181579300717250668222590901522537973598743374435578161107273471795283874024468245411613447677085832036015708439308739868979972908064459357006164197331889483347100265763108254138999,65537
1619869.crt,121608978313930892601336229325273707876898817549317716728890792884781562699397237422349558371561509391549616406760399079742363813181579300717250668222590901522537973598743374435578161107273471795283874024468245411613447677085832036015708439308739868979972908064459357006164197331889483347100265763108254138999,65537
2443893.crt,134523965528706955357389236324381445886918018359093412605553718252070127693550432449241131252176295916031949936103298971347433124090388813123081901864694648016862849824691975929871824411139161841673960781705340820687840289886246987239967274547853906722464083446113237264028226208505897965858432626262957770707,65537
2470863.crt,134523965528706955357389236324381445886918018359093412605553718252070127693550432449241131252176295916031949936103298971347433124090388813123081901864694648016862849824691975929871824411139161841673960781705340820687840289886246987239967274547853906722464083446113237264028226208505897965858432626262957770707,65537
2467223.crt,134523965528706955357389236324381445886918018359093412605553718252070127693550432449241131252176295916031949936103298971347433124090388813123081901864694648016862849824691975929871824411139161841673960781705340820687840289886246987239967274547853906722464083446113237264028226208505897965858432626262957770707,65537
2465346.crt,134523965528706955357389236324381445886918018359093412605553718252070127693550432449241131252176295916031949936103298971347433124090388813123081901864694648016862849824691975929871824411139161841673960781705340820687840289886246987239967274547853906722464083446113237264028226208505897965858432626262957770707,65537
2443078.crt,134523965528706955357389236324381445886918018359093412605553718252070127693550432449241131252176295916031949936103298971347433124090388813123081901864694648016862849824691975929871824411139161841673960781705340820687840289886246987239967274547853906722464083446113237264028226208505897965858432626262957770707,65537
2460025.crt,134523965528706955357389236324381445886918018359093412605553718252070127693550432449241131252176295916031949936103298971347433124090388813123081901864694648016862849824691975929871824411139161841673960781705340820687840289886246987239967274547853906722464083446113237264028226208505897965858432626262957770707,65537
2301710.crt,134946566366847332939182356804662517275781481641117809657107054096476204746368773221959052927863029283309338167082830482027302564558259527563989753065365338067916790316183060801678470007195717998917411984114037428012966476073388120237998099022671731963213076760517589138848039783646502274156656281823741126831,65537
2300998.crt,134946566366847332939182356804662517275781481641117809657107054096476204746368773221959052927863029283309338167082830482027302564558259527563989753065365338067916790316183060801678470007195717998917411984114037428012966476073388120237998099022671731963213076760517589138848039783646502274156656281823741126831,65537
2309444.crt,134946566366847332939182356804662517275781481641117809657107054096476204746368773221959052927863029283309338167082830482027302564558259527563989753065365338067916790316183060801678470007195717998917411984114037428012966476073388120237998099022671731963213076760517589138848039783646502274156656281823741126831,65537
2311734.crt,134946566366847332939182356804662517275781481641117809657107054096476204746368773221959052927863029283309338167082830482027302564558259527563989753065365338067916790316183060801678470007195717998917411984114037428012966476073388120237998099022671731963213076760517589138848039783646502274156656281823741126831,65537
2316150.crt,134946566366847332939182356804662517275781481641117809657107054096476204746368773221959052927863029283309338167082830482027302564558259527563989753065365338067916790316183060801678470007195717998917411984114037428012966476073388120237998099022671731963213076760517589138848039783646502274156656281823741126831,65537
2317198.crt,134946566366847332939182356804662517275781481641117809657107054096476204746368773221959052927863029283309338167082830482027302564558259527563989753065365338067916790316183060801678470007195717998917411984114037428012966476073388120237998099022671731963213076760517589138848039783646502274156656281823741126831,65537
2319353.crt,134946566366847332939182356804662517275781481641117809657107054096476204746368773221959052927863029283309338167082830482027302564558259527563989753065365338067916790316183060801678470007195717998917411984114037428012966476073388120237998099022671731963213076760517589138848039783646502274156656281823741126831,65537
2312239.crt,134946566366847332939182356804662517275781481641117809657107054096476204746368773221959052927863029283309338167082830482027302564558259527563989753065365338067916790316183060801678470007195717998917411984114037428012966476073388120237998099022671731963213076760517589138848039783646502274156656281823741126831,65537
1178802.crt,144718874222354368163065121759624302875338745563941601739505967245042901104094220484783209147020967496526543430680843840974545192494854806259333980396883197950942260338171208453204903428175642918787546102634497287259221417020347296006289149198889325173516039943535735350494382318245938221401887037765323977409,65537
1072966.crt,144718874222354368163065121759624302875338745563941601739505967245042901104094220484783209147020967496526543430680843840974545192494854806259333980396883197950942260338171208453204903428175642918787546102634497287259221417020347296006289149198889325173516039943535735350494382318245938221401887037765323977409,65537
2164263.crt,148100118728021487551876068571254105778489711309644315688124990906210106569013704072488846476981628384768085691771639258259320675328257585750201835653024453028136825107724674280400768334684229936077163901883363402605346501597291390921956672088056017972530295408813788087078166536467741213422016016027617230211,65537
2145856.crt,148100118728021487551876068571254105778489711309644315688124990906210106569013704072488846476981628384768085691771639258259320675328257585750201835653024453028136825107724674280400768334684229936077163901883363402605346501597291390921956672088056017972530295408813788087078166536467741213422016016027617230211,65537
2146443.crt,148100118728021487551876068571254105778489711309644315688124990906210106569013704072488846476981628384768085691771639258259320675328257585750201835653024453028136825107724674280400768334684229936077163901883363402605346501597291390921956672088056017972530295408813788087078166536467741213422016016027617230211,65537
2149218.crt,148100118728021487551876068571254105778489711309644315688124990906210106569013704072488846476981628384768085691771639258259320675328257585750201835653024453028136825107724674280400768334684229936077163901883363402605346501597291390921956672088056017972530295408813788087078166536467741213422016016027617230211,65537
2149048.crt,148100118728021487551876068571254105778489711309644315688124990906210106569013704072488846476981628384768085691771639258259320675328257585750201835653024453028136825107724674280400768334684229936077163901883363402605346501597291390921956672088056017972530295408813788087078166536467741213422016016027617230211,65537
2171985.crt,148100118728021487551876068571254105778489711309644315688124990906210106569013704072488846476981628384768085691771639258259320675328257585750201835653024453028136825107724674280400768334684229936077163901883363402605346501597291390921956672088056017972530295408813788087078166536467741213422016016027617230211,65537
2340552.crt,149148218705047754333963476026608031064208053189522736367951491079296556839885884460672294964726637408059036782807012155006626902978600508236456813678074154155009202112728649601083826512061242889484308146610580948529422418881460563057449949037306426668843421406212459123057765222961826832826500275158203893491,65537
2342176.crt,149148218705047754333963476026608031064208053189522736367951491079296556839885884460672294964726637408059036782807012155006626902978600508236456813678074154155009202112728649601083826512061242889484308146610580948529422418881460563057449949037306426668843421406212459123057765222961826832826500275158203893491,65537
2341129.crt,149148218705047754333963476026608031064208053189522736367951491079296556839885884460672294964726637408059036782807012155006626902978600508236456813678074154155009202112728649601083826512061242889484308146610580948529422418881460563057449949037306426668843421406212459123057765222961826832826500275158203893491,65537
2327204.crt,149148218705047754333963476026608031064208053189522736367951491079296556839885884460672294964726637408059036782807012155006626902978600508236456813678074154155009202112728649601083826512061242889484308146610580948529422418881460563057449949037306426668843421406212459123057765222961826832826500275158203893491,65537
2328307.crt,149148218705047754333963476026608031064208053189522736367951491079296556839885884460672294964726637408059036782807012155006626902978600508236456813678074154155009202112728649601083826512061242889484308146610580948529422418881460563057449949037306426668843421406212459123057765222961826832826500275158203893491,65537
2339198.crt,149148218705047754333963476026608031064208053189522736367951491079296556839885884460672294964726637408059036782807012155006626902978600508236456813678074154155009202112728649601083826512061242889484308146610580948529422418881460563057449949037306426668843421406212459123057765222961826832826500275158203893491,65537
1017041.crt,151139022774442815865035984915219132209817598810186564625380302793909389569458863540769221618305966551869007176723029297411355305196403832799811502582259318148474869776713576797949846254196433429575364664808969063367678790188576288449775469796864166214446337754403382907268144128168815079264596895671760223767,65537
1019342.crt,151139022774442815865035984915219132209817598810186564625380302793909389569458863540769221618305966551869007176723029297411355305196403832799811502582259318148474869776713576797949846254196433429575364664808969063367678790188576288449775469796864166214446337754403382907268144128168815079264596895671760223767,65537
1059149.crt,151139022774442815865035984915219132209817598810186564625380302793909389569458863540769221618305966551869007176723029297411355305196403832799811502582259318148474869776713576797949846254196433429575364664808969063367678790188576288449775469796864166214446337754403382907268144128168815079264596895671760223767,65537
1159656.crt,151139022774442815865035984915219132209817598810186564625380302793909389569458863540769221618305966551869007176723029297411355305196403832799811502582259318148474869776713576797949846254196433429575364664808969063367678790188576288449775469796864166214446337754403382907268144128168815079264596895671760223767,65537
1199227.crt,151139022774442815865035984915219132209817598810186564625380302793909389569458863540769221618305966551869007176723029297411355305196403832799811502582259318148474869776713576797949846254196433429575364664808969063367678790188576288449775469796864166214446337754403382907268144128168815079264596895671760223767,65537
1217994.crt,151139022774442815865035984915219132209817598810186564625380302793909389569458863540769221618305966551869007176723029297411355305196403832799811502582259318148474869776713576797949846254196433429575364664808969063367678790188576288449775469796864166214446337754403382907268144128168815079264596895671760223767,65537
1221925.crt,151139022774442815865035984915219132209817598810186564625380302793909389569458863540769221618305966551869007176723029297411355305196403832799811502582259318148474869776713576797949846254196433429575364664808969063367678790188576288449775469796864166214446337754403382907268144128168815079264596895671760223767,65537
1022940.crt,151139022774442815865035984915219132209817598810186564625380302793909389569458863540769221618305966551869007176723029297411355305196403832799811502582259318148474869776713576797949846254196433429575364664808969063367678790188576288449775469796864166214446337754403382907268144128168815079264596895671760223767,65537
1272626.crt,153355257490836863603006838239249541078842972951240005201723889823976818751476463378213478876658677745797944421689509778496197964183768205387915213925860293805588782318270352626678742225052584318495540586683081677700532967809116406941736859402521380958999892334934700746144515835940690896412538999164629206451,65537
1282872.crt,153355257490836863603006838239249541078842972951240005201723889823976818751476463378213478876658677745797944421689509778496197964183768205387915213925860293805588782318270352626678742225052584318495540586683081677700532967809116406941736859402521380958999892334934700746144515835940690896412538999164629206451,65537
1306166.crt,153355257490836863603006838239249541078842972951240005201723889823976818751476463378213478876658677745797944421689509778496197964183768205387915213925860293805588782318270352626678742225052584318495540586683081677700532967809116406941736859402521380958999892334934700746144515835940690896412538999164629206451,65537
1330998.crt,153355257490836863603006838239249541078842972951240005201723889823976818751476463378213478876658677745797944421689509778496197964183768205387915213925860293805588782318270352626678742225052584318495540586683081677700532967809116406941736859402521380958999892334934700746144515835940690896412538999164629206451,65537
1302772.crt,153355257490836863603006838239249541078842972951240005201723889823976818751476463378213478876658677745797944421689509778496197964183768205387915213925860293805588782318270352626678742225052584318495540586683081677700532967809116406941736859402521380958999892334934700746144515835940690896412538999164629206451,65537
1874670.crt,163874881019777026282078502377921262881388644614454808584201770860092576073199868270067419616556390568756096926529548422591744658127036794786185222852034516092071953519251921775058261542489898914186755352389084473138038080321133107585411613583225477131407236756972766520878371022411902005033201827168579485723,65537
1498228.crt,163874881019777026282078502377921262881388644614454808584201770860092576073199868270067419616556390568756096926529548422591744658127036794786185222852034516092071953519251921775058261542489898914186755352389084473138038080321133107585411613583225477131407236756972766520878371022411902005033201827168579485723,65537
1706348.crt,165429618024553665705870743558266330753170416168559329348470864675330948840985980614564804625813826388063466740134047148725920205588676387631807943254924673555700867237344644602445350487518710323338184834301303672347491694612773880486460895968508392303327146961516265490802957436773228809503535998057823688789,65537
1712123.crt,165429618024553665705870743558266330753170416168559329348470864675330948840985980614564804625813826388063466740134047148725920205588676387631807943254924673555700867237344644602445350487518710323338184834301303672347491694612773880486460895968508392303327146961516265490802957436773228809503535998057823688789,65537
1787361.crt,165429618024553665705870743558266330753170416168559329348470864675330948840985980614564804625813826388063466740134047148725920205588676387631807943254924673555700867237344644602445350487518710323338184834301303672347491694612773880486460895968508392303327146961516265490802957436773228809503535998057823688789,65537
1817165.crt,165429618024553665705870743558266330753170416168559329348470864675330948840985980614564804625813826388063466740134047148725920205588676387631807943254924673555700867237344644602445350487518710323338184834301303672347491694612773880486460895968508392303327146961516265490802957436773228809503535998057823688789,65537
1823120.crt,165429618024553665705870743558266330753170416168559329348470864675330948840985980614564804625813826388063466740134047148725920205588676387631807943254924673555700867237344644602445350487518710323338184834301303672347491694612773880486460895968508392303327146961516265490802957436773228809503535998057823688789,65537
1836132.crt,165429618024553665705870743558266330753170416168559329348470864675330948840985980614564804625813826388063466740134047148725920205588676387631807943254924673555700867237344644602445350487518710323338184834301303672347491694612773880486460895968508392303327146961516265490802957436773228809503535998057823688789,65537
1703581.crt,165429618024553665705870743558266330753170416168559329348470864675330948840985980614564804625813826388063466740134047148725920205588676387631807943254924673555700867237344644602445350487518710323338184834301303672347491694612773880486460895968508392303327146961516265490802957436773228809503535998057823688789,65537
2510871.crt,166532994638927366166725746725851326803386220714492187011453445282087846763320918644974997423098800156212526597613969767876447548484583135813063520301400601983748282319515026902732334856775724567033311574065339208572456559108504564933346007439787111182196567705321748885873282402373954638399185548532540824791,65537
2513680.crt,166532994638927366166725746725851326803386220714492187011453445282087846763320918644974997423098800156212526597613969767876447548484583135813063520301400601983748282319515026902732334856775724567033311574065339208572456559108504564933346007439787111182196567705321748885873282402373954638399185548532540824791,65537
2532409.crt,166532994638927366166725746725851326803386220714492187011453445282087846763320918644974997423098800156212526597613969767876447548484583135813063520301400601983748282319515026902732334856775724567033311574065339208572456559108504564933346007439787111182196567705321748885873282402373954638399185548532540824791,65537
2550730.crt,166532994638927366166725746725851326803386220714492187011453445282087846763320918644974997423098800156212526597613969767876447548484583135813063520301400601983748282319515026902732334856775724567033311574065339208572456559108504564933346007439787111182196567705321748885873282402373954638399185548532540824791,65537
2541077.crt,166532994638927366166725746725851326803386220714492187011453445282087846763320918644974997423098800156212526597613969767876447548484583135813063520301400601983748282319515026902732334856775724567033311574065339208572456559108504564933346007439787111182196567705321748885873282402373954638399185548532540824791,65537
2510200.crt,166532994638927366166725746725851326803386220714492187011453445282087846763320918644974997423098800156212526597613969767876447548484583135813063520301400601983748282319515026902732334856775724567033311574065339208572456559108504564933346007439787111182196567705321748885873282402373954638399185548532540824791,65537
1894806.crt,173777092859121951114625977184496951061390720165871881310599309701820840702641169664261506124046637867371097700996253570007790968836242343780766706430969985731581097615230821332154447970613363878449755181784821578435383739231887431908101055591798539986408370976551768464808525718195457560775481891328167829797,65537
1897802.crt,173777092859121951114625977184496951061390720165871881310599309701820840702641169664261506124046637867371097700996253570007790968836242343780766706430969985731581097615230821332154447970613363878449755181784821578435383739231887431908101055591798539986408370976551768464808525718195457560775481891328167829797,65537
1944105.crt,173777092859121951114625977184496951061390720165871881310599309701820840702641169664261506124046637867371097700996253570007790968836242343780766706430969985731581097615230821332154447970613363878449755181784821578435383739231887431908101055591798539986408370976551768464808525718195457560775481891328167829797,65537
